id,pet_id,adopter_id,adoption_date,description
4de4a9d8-51d6-41b2-8ab2-47f46b823582,082e5f76-a4c1-4915-a486-935b29d18814,2d91ec55-5422-410c-a55b-261edc7c30d8,2023-03-20 21:16:12,diam erat fermentum justo nec condimentum neque sapien placerat ante nulla justo aliquam quis turpis eget elit sodales scelerisque mauris
19e84179-abf2-42fc-b10a-a789e6877ba7,fc315a90-b9f4-4e5c-a02d-ad049341fc21,99134f92-572d-44dc-bae9-126e270f00ad,2023-04-03 16:48:27,sapien non mi integer ac neque duis bibendum morbi non quam nec
3446ab34-0b77-4a94-a6a2-f81cd15ecde8,3c58c665-4e9f-4746-8d07-a4da7bbe8bbf,c7db8c0a-6ad9-4414-9fb6-4c432f56d981,2023-04-10 13:37:09,placerat praesent blandit nam nulla integer pede justo lacinia eget tincidunt eget tempus vel pede morbi porttitor
cfef48bf-6f3c-4a09-a55f-2161ab004bab,082e5f76-a4c1-4915-a486-935b29d18814,5588d84f-8d4c-45ec-9494-13971dab00f5,2022-07-02 00:41:21,dignissim vestibulum vestibulum ante ipsum primis in faucibus orci luctus
d6c99dba-9a06-4b25-9e0f-08ded1794a27,33bc481a-3fcd-45d8-a014-7160423172d4,0bbd85f6-3081-400f-97e4-10cd5724b9aa,2022-10-04 09:29:55,at velit eu est congue elementum in hac habitasse platea dictumst morbi
9ee7383e-5364-421f-9841-dae9779dac4d,33bc481a-3fcd-45d8-a014-7160423172d4,a2c54cc8-002a-4fb3-ae50-5f8c24143dfb,2023-01-03 00:29:39,maecenas ut massa quis augue luctus tincidunt nulla mollis molestie lorem quisque ut erat curabitur gravida
f8f94159-9c48-4574-9b18-c374c9a006eb,3c58c665-4e9f-4746-8d07-a4da7bbe8bbf,4c0e5a5e-7782-42ca-a4c5-3428cee779f0,2022-05-21 10:17:07,varius ut blandit non interdum in ante vestibulum ante ipsum primis in faucibus
11985504-2ccd-4989-b98d-c87db36ac321,bbf6f220-d323-426d-936d-399cfafb9b09,c7db8c0a-6ad9-4414-9fb6-4c432f56d981,2022-11-13 08:28:46,praesent blandit lacinia erat vestibulum sed magna at nunc commodo placerat praesent blandit nam nulla integer pede justo lacinia
023b4369-05ef-4298-b62d-6f3fc4732034,a489a110-a6a3-400e-951a-8d37ebce1215,99134f92-572d-44dc-bae9-126e270f00ad,2022-08-16 03:36:46,pellentesque quisque porta volutpat erat quisque erat eros viverra eget congue eget semper rutrum nulla nunc purus phasellus in
05fdc113-1179-42ee-9f82-259e96c92350,a489a110-a6a3-400e-951a-8d37ebce1215,9a2b2e74-68e0-449c-81a1-01ca85549680,2022-05-30 17:59:09,pede morbi porttitor lorem id ligula suspendisse ornare consequat lectus in est risus
3a6e855e-6b65-4043-b276-7472f113ed85,fc315a90-b9f4-4e5c-a02d-ad049341fc21,4c0e5a5e-7782-42ca-a4c5-3428cee779f0,2023-02-01 17:51:28,erat quisque erat eros viverra eget congue eget semper rutrum
ae23fd31-67c5-46c2-a64e-51757b280a61,082e5f76-a4c1-4915-a486-935b29d18814,0bbd85f6-3081-400f-97e4-10cd5724b9aa,2022-05-19 15:13:51,quisque id justo sit amet sapien dignissim vestibulum vestibulum ante ipsum primis in faucibus orci luctus
8066d825-6a35-4e51-bca3-7154edc51c1d,082e5f76-a4c1-4915-a486-935b29d18814,a2c54cc8-002a-4fb3-ae50-5f8c24143dfb,2022-07-17 23:52:46,nisi venenatis tristique fusce congue diam id ornare imperdiet sapien urna
037c18f2-10aa-4bb1-8dbe-0cd6c829a11e,3c58c665-4e9f-4746-8d07-a4da7bbe8bbf,c7db8c0a-6ad9-4414-9fb6-4c432f56d981,2023-02-16 20:25:28,rhoncus aliquet pulvinar sed nisl nunc rhoncus dui vel sem sed sagittis nam congue risus semper porta volutpat quam pede
3b44872f-e7f6-4e81-ab0d-9feb59e95742,33bc481a-3fcd-45d8-a014-7160423172d4,c7db8c0a-6ad9-4414-9fb6-4c432f56d981,2022-07-05 01:48:11,purus phasellus in felis donec semper sapien a libero nam dui proin leo odio porttitor id consequat in consequat
41e69958-99a6-4074-9c4a-167504668829,3c58c665-4e9f-4746-8d07-a4da7bbe8bbf,0bbd85f6-3081-400f-97e4-10cd5724b9aa,2022-08-17 00:45:53,viverra dapibus nulla suscipit ligula in lacus curabitur at ipsum ac tellus semper
947429aa-e6df-429d-9608-9882803afe26,bbf6f220-d323-426d-936d-399cfafb9b09,2d91ec55-5422-410c-a55b-261edc7c30d8,2023-02-16 08:02:40,suscipit nulla elit ac nulla sed vel enim sit amet nunc
0e25131d-bc12-4927-acbb-a9a28d403790,082e5f76-a4c1-4915-a486-935b29d18814,4c0e5a5e-7782-42ca-a4c5-3428cee779f0,2022-11-21 09:38:52,quis turpis sed ante vivamus tortor duis mattis egestas metus aenean
fb1fd0be-6812-4b16-bd3b-93224a8250f3,fc315a90-b9f4-4e5c-a02d-ad049341fc21,52478dac-1e5f-4d79-ba18-f97813755f74,2022-05-20 12:21:03,leo pellentesque ultrices mattis odio donec vitae nisi nam ultrices libero non mattis pulvinar nulla pede ullamcorper augue a suscipit
0521e8d6-ed50-436e-bcbe-19ce49939d51,33bc481a-3fcd-45d8-a014-7160423172d4,5588d84f-8d4c-45ec-9494-13971dab00f5,2022-06-28 21:08:02,maecenas rhoncus aliquam lacus morbi quis tortor id nulla ultrices aliquet maecenas leo odio condimentum id luctus nec
155d0ce1-d60f-4e8e-9278-c1fb934411a8,a489a110-a6a3-400e-951a-8d37ebce1215,99134f92-572d-44dc-bae9-126e270f00ad,2023-02-08 04:18:52,justo sit amet sapien dignissim vestibulum vestibulum ante ipsum primis in faucibus orci luctus et ultrices posuere cubilia curae nulla
b59718ee-042d-4d6b-88d2-5389b702df52,3c58c665-4e9f-4746-8d07-a4da7bbe8bbf,4c0e5a5e-7782-42ca-a4c5-3428cee779f0,2022-08-15 13:55:09,amet justo morbi ut odio cras mi pede malesuada in imperdiet et commodo vulputate justo
24813ff9-d908-43a8-906a-dbdcadf7caa0,a489a110-a6a3-400e-951a-8d37ebce1215,5588d84f-8d4c-45ec-9494-13971dab00f5,2022-05-17 16:04:36,tortor quis turpis sed ante vivamus tortor duis mattis egestas metus aenean fermentum donec ut mauris eget massa tempor
7d2120a6-1e6b-4ec4-af91-a25a72c621e7,33bc481a-3fcd-45d8-a014-7160423172d4,c7db8c0a-6ad9-4414-9fb6-4c432f56d981,2022-10-31 16:51:40,posuere cubilia curae mauris viverra diam vitae quam suspendisse potenti nullam porttitor lacus at turpis donec posuere metus
4b92126a-78e8-4387-9437-c16242a0a17b,fc315a90-b9f4-4e5c-a02d-ad049341fc21,5588d84f-8d4c-45ec-9494-13971dab00f5,2023-03-21 02:35:34,nec sem duis aliquam convallis nunc proin at turpis a pede posuere nonummy integer non
5f69662e-dced-4acf-9f68-32d737e0bffe,082e5f76-a4c1-4915-a486-935b29d18814,52478dac-1e5f-4d79-ba18-f97813755f74,2023-03-23 16:09:09,potenti cras in purus eu magna vulputate luctus cum sociis natoque penatibus et magnis dis parturient montes
badb25b2-ddc7-4fe8-b3d8-a174fc8b1fb4,33bc481a-3fcd-45d8-a014-7160423172d4,2d91ec55-5422-410c-a55b-261edc7c30d8,2022-05-28 05:27:50,lacus morbi sem mauris laoreet ut rhoncus aliquet pulvinar sed nisl nunc rhoncus dui vel
65223d95-7517-4609-a124-669db3311172,33bc481a-3fcd-45d8-a014-7160423172d4,4c0e5a5e-7782-42ca-a4c5-3428cee779f0,2022-05-20 01:25:49,tortor sollicitudin mi sit amet lobortis sapien sapien non mi integer ac neque duis bibendum morbi non
f42fc7e1-2668-442f-ade3-660ac1c3b8a9,33bc481a-3fcd-45d8-a014-7160423172d4,52478dac-1e5f-4d79-ba18-f97813755f74,2022-07-04 15:00:58,justo sit amet sapien dignissim vestibulum vestibulum ante ipsum primis in faucibus orci luctus et ultrices posuere
0ba57c37-c1e6-48c9-949b-85938a6d7e36,3c58c665-4e9f-4746-8d07-a4da7bbe8bbf,5588d84f-8d4c-45ec-9494-13971dab00f5,2022-09-18 11:46:07,velit vivamus vel nulla eget eros elementum pellentesque quisque porta volutpat erat
c3747069-0f74-469a-a93d-5b0e13e88b4d,bbf6f220-d323-426d-936d-399cfafb9b09,a2c54cc8-002a-4fb3-ae50-5f8c24143dfb,2022-05-22 05:14:49,laoreet ut rhoncus aliquet pulvinar sed nisl nunc rhoncus dui vel sem sed sagittis nam congue risus semper
025c4ba8-b95e-4560-a13d-dfce584effda,bbf6f220-d323-426d-936d-399cfafb9b09,99134f92-572d-44dc-bae9-126e270f00ad,2023-02-21 21:35:06,dis parturient montes nascetur ridiculus mus vivamus vestibulum sagittis sapien cum sociis natoque penatibus et magnis dis
99cebaa3-f255-4046-b4b7-9315e790fe6f,bbf6f220-d323-426d-936d-399cfafb9b09,a2c54cc8-002a-4fb3-ae50-5f8c24143dfb,2022-11-20 16:43:09,tristique est et tempus semper est quam pharetra magna ac consequat metus sapien ut nunc vestibulum
f0067bce-03cb-4562-aec8-743b2bdae0c0,33bc481a-3fcd-45d8-a014-7160423172d4,5588d84f-8d4c-45ec-9494-13971dab00f5,2022-07-14 04:29:14,nisi nam ultrices libero non mattis pulvinar nulla pede ullamcorper augue a suscipit nulla elit ac nulla sed vel
58b1f8d2-64e8-447b-9d96-2cbd46769e07,a489a110-a6a3-400e-951a-8d37ebce1215,2d91ec55-5422-410c-a55b-261edc7c30d8,2022-06-16 13:25:16,tincidunt eu felis fusce posuere felis sed lacus morbi sem mauris laoreet ut rhoncus aliquet pulvinar sed nisl nunc
4cfd27ec-377d-40f4-b41b-ed77b56be6b6,33bc481a-3fcd-45d8-a014-7160423172d4,2d91ec55-5422-410c-a55b-261edc7c30d8,2022-11-15 03:21:38,ut dolor morbi vel lectus in quam fringilla rhoncus mauris
3cef992b-05bc-4b8c-884e-a4528ea8e38c,3c58c665-4e9f-4746-8d07-a4da7bbe8bbf,2d91ec55-5422-410c-a55b-261edc7c30d8,2023-04-09 06:49:09,pharetra magna ac consequat metus sapien ut nunc vestibulum ante ipsum primis in faucibus orci luctus et ultrices posuere
ec3c97d9-8f70-4e9c-b80d-8ca8a26277cf,a489a110-a6a3-400e-951a-8d37ebce1215,c7db8c0a-6ad9-4414-9fb6-4c432f56d981,2022-06-26 20:25:57,fusce lacus purus aliquet at feugiat non pretium quis lectus suspendisse potenti in eleifend quam a
2e2d281d-e576-4584-be69-786359cd86d6,fc315a90-b9f4-4e5c-a02d-ad049341fc21,0bbd85f6-3081-400f-97e4-10cd5724b9aa,2023-03-03 01:04:05,turpis adipiscing lorem vitae mattis nibh ligula nec sem duis aliquam convallis nunc proin at turpis a pede posuere nonummy
adfd2574-799d-4a57-a5b1-18375d577e8d,fc315a90-b9f4-4e5c-a02d-ad049341fc21,4c0e5a5e-7782-42ca-a4c5-3428cee779f0,2022-09-08 23:59:25,tristique est et tempus semper est quam pharetra magna ac consequat metus sapien ut nunc vestibulum ante ipsum
ecdaf3f5-199d-4f0a-9ee2-f303f582e2ec,bbf6f220-d323-426d-936d-399cfafb9b09,4c0e5a5e-7782-42ca-a4c5-3428cee779f0,2022-10-03 11:50:55,porttitor lorem id ligula suspendisse ornare consequat lectus in est risus auctor sed tristique in tempus sit amet sem
b3db4d2c-975e-4064-aef1-4535c704d8f4,33bc481a-3fcd-45d8-a014-7160423172d4,5588d84f-8d4c-45ec-9494-13971dab00f5,2023-01-12 18:24:12,vel pede morbi porttitor lorem id ligula suspendisse ornare consequat lectus in est risus auctor sed tristique in
b4a30f4f-9071-4c76-b385-3783f7163b51,3c58c665-4e9f-4746-8d07-a4da7bbe8bbf,2d91ec55-5422-410c-a55b-261edc7c30d8,2022-05-23 18:51:58,leo rhoncus sed vestibulum sit amet cursus id turpis integer aliquet massa id lobortis convallis tortor
d7337469-5894-4be2-b2ea-f2266bad6c97,bbf6f220-d323-426d-936d-399cfafb9b09,9a2b2e74-68e0-449c-81a1-01ca85549680,2022-07-27 00:23:48,hac habitasse platea dictumst etiam faucibus cursus urna ut tellus nulla
c2caa15d-b294-4634-924a-e196c9cfb274,bbf6f220-d323-426d-936d-399cfafb9b09,0bbd85f6-3081-400f-97e4-10cd5724b9aa,2023-02-12 17:01:02,lacinia erat vestibulum sed magna at nunc commodo placerat praesent blandit nam nulla integer pede justo lacinia
f81837e5-f900-454d-8cce-bc8c72676ebf,082e5f76-a4c1-4915-a486-935b29d18814,c7db8c0a-6ad9-4414-9fb6-4c432f56d981,2023-03-14 15:47:26,quam a odio in hac habitasse platea dictumst maecenas ut massa quis augue luctus tincidunt
68f490f4-9f2c-41f2-8b38-9d7d4d041e70,3c58c665-4e9f-4746-8d07-a4da7bbe8bbf,0bbd85f6-3081-400f-97e4-10cd5724b9aa,2023-04-07 04:38:51,in faucibus orci luctus et ultrices posuere cubilia curae donec pharetra magna vestibulum aliquet ultrices
47c4d252-4f03-44f6-8a42-25e2c537b34c,082e5f76-a4c1-4915-a486-935b29d18814,9fd7f59b-3a80-44e2-a585-2bbcae3a0ef9,2023-01-28 10:24:31,nisi venenatis tristique fusce congue diam id ornare imperdiet sapien urna pretium nisl ut volutpat sapien arcu sed
86f55fc9-d1b4-4582-a555-012818df8b6e,bbf6f220-d323-426d-936d-399cfafb9b09,5588d84f-8d4c-45ec-9494-13971dab00f5,2022-11-20 21:06:53,in libero ut massa volutpat convallis morbi odio odio elementum eu interdum eu tincidunt in leo
a672c782-92ec-4e17-b8ec-927ee39fb6a2,fc315a90-b9f4-4e5c-a02d-ad049341fc21,5588d84f-8d4c-45ec-9494-13971dab00f5,2022-11-12 20:45:25,turpis sed ante vivamus tortor duis mattis egestas metus aenean fermentum donec ut mauris eget
